{
  "2D": 71108.5791561603,
  "AFK": 530.968808412552,
  "AssetLib": 818.369792461395,
  "Editor": 503613.75807047,
  "External": 357411.509005547,
  "Game": 37100.9879493714,
  "Script": 37174.3121669293
}