{
  "2D": 26433.6464874744,
  "AFK": 2895.26450443268,
  "AssetLib": 818.369792461395,
  "Editor": 423872.18695879,
  "External": 332416.489569902,
  "Game": 31752.9190106392,
  "Script": 32450.7620983124
}