{
  "2D": 75475.8262228965,
  "AFK": 530.968808412552,
  "AssetLib": 818.369792461395,
  "Editor": 542160.961022616,
  "External": 383627.012744904,
  "Game": 39772.0409538747,
  "Script": 42467.7113084794
}