{
  "2D": 73317.3076994419,
  "AFK": 530.968808412552,
  "AssetLib": 818.369792461395,
  "Editor": 514655.508683682,
  "External": 360875.222052336,
  "Game": 38686.6021957398,
  "Script": 40958.0069437028
}