{
  "2D": 75518.422217369,
  "AFK": 530.968808412552,
  "AssetLib": 818.369792461395,
  "Editor": 542628.357897044,
  "External": 383725.580694676,
  "Game": 39772.0409538747,
  "Script": 42793.9442386628
}