{
  "2D": 19280.6214468478,
  "AFK": 2895.26450443268,
  "AssetLib": 818.369792461395,
  "Editor": 326168.868557215,
  "External": 249568.298172235,
  "Game": 28635.4218518734,
  "Script": 27866.1572937966
}