{
  "2D": 73317.3076994419,
  "AFK": 530.968808412552,
  "AssetLib": 818.369792461395,
  "Editor": 514406.219729662,
  "External": 360701.50547266,
  "Game": 38663.9955599309,
  "Script": 40905.0412051678
}