{
  "2D": 75270.8980929851,
  "AFK": 530.968808412552,
  "AssetLib": 818.369792461395,
  "Editor": 537760.309215308,
  "External": 380477.924708606,
  "Game": 39445.6100366116,
  "Script": 41747.5065846444
}