{
  "2D": 68598.93552351,
  "AFK": 17.9933698177338,
  "AssetLib": 818.369792461395,
  "Editor": 482676.932966233,
  "External": 342358.750361205,
  "Game": 35092.1513330937,
  "Script": 35808.7259559632
}