{
  "2D": 70708.5118801593,
  "AFK": 530.968808412552,
  "AssetLib": 818.369792461395,
  "Editor": 503101.31673503,
  "External": 357373.512925387,
  "Game": 37026.6099700929,
  "Script": 37174.3121669293
}