{
  "2D": 14456.669047594,
  "AFK": 183.272209644318,
  "AssetLib": 818.369792461395,
  "Editor": 207928.42601347,
  "External": 167336.464682102,
  "Game": 10137.3546843529,
  "Script": 15179.5678069592
}