{
  "2D": 13718.4261612892,
  "AFK": 183.272209644318,
  "AssetLib": 818.369792461395,
  "Editor": 133317.655454397,
  "External": 104541.753821135,
  "Game": 8079.78775668144,
  "Script": 6159.31792283059
}