{
  "2D": 16177.3757598399,
  "AFK": 2748.2643635273,
  "AssetLib": 818.369792461395,
  "Editor": 250045.135243177,
  "External": 182865.270606756,
  "Game": 27432.826486826,
  "Script": 22751.2925972939
}