{
  "2D": 26232.8887560367,
  "AFK": 2895.26450443268,
  "AssetLib": 818.369792461395,
  "Editor": 342369.031913519,
  "External": 256278.520289421,
  "Game": 29406.1611044407,
  "Script": 29633.091971159
}