{
  "2D": 73508.6478137969,
  "AFK": 530.968808412552,
  "AssetLib": 818.369792461395,
  "Editor": 521101.969501734,
  "External": 365866.85464263,
  "Game": 39246.9205162526,
  "Script": 41661.1767365933
}