{
  "2D": 75307.1265337467,
  "AFK": 530.968808412552,
  "AssetLib": 818.369792461395,
  "Editor": 539206.688555957,
  "External": 381827.231208564,
  "Game": 39506.4544365407,
  "Script": 41747.5065846444
}