{
  "2D": 7594.58691859245,
  "AssetLib": 818.369792461395,
  "Editor": 40902.7776696682,
  "External": 27007.5806312561,
  "Game": 4257.68418860435,
  "Script": 1224.55613875389
}